"Count","Tradelist Count","Name","Edition","Condition","Language","Foil"
"4","0","Lightning Bolt","2xm","Near Mint","English",""
"4","0","Brainstorm","dmr","Near Mint","English",""
"2","0","Force of Will","2xm","Near Mint","English",""
"4","0","Counterspell","dmr","Near Mint","English",""
"4","0","Preordain","m11","Near Mint","English",""
"2","0","Ponder","m12","Near Mint","English",""
"4","0","Scalding Tarn","mh2","Near Mint","English",""
"2","0","Polluted Delta","mh3","Near Mint","English",""
"4","0","Monastery Swiftspear","bro","Near Mint","English",""
"2","0","Eidolon of the Great Revel","a25","Near Mint","English",""
"4","0","Fatal Push","2xm","Near Mint","English",""
"4","0","Thoughtseize","2xm","Near Mint","English",""
"2","0","Overgrown Tomb","grn","Near Mint","English",""
